Date,01/02/20,01/03/20,01/06/20,01/07/20,11/08/20,01/09/20,01/10/20,01/13/20,01/14/20,01/15/20,01/16/20,01/17/20,01/21/20,01/22/20,01/23/20,01/24/20,01/27/20,01/28/20,01/29/20,01/30/20,01/31/20,02/03/20,02/04/20,02/05/20,02/06/20,02/07/20,02/10/20,02/11/20,02/12/20,02/13/20,02/14/20,02/18/20,02/19/20,02/20/20,02/21/20,02/24/20,02/25/20,02/26/20,02/27/20,02/28/20,03/02/20,03/03/20,03/04/20,03/05/20,03/06/20,03/09/20,03/10/20,03/11/20,03/12/20,03/13/20,03/16/20,03/17/20,03/18/20,03/19/20,03/20/20,03/23/20,03/24/20,03/25/20,03/26/20,03/27/20,03/30/20,03/31/20,04/01/20,04/02/20,04/03/20,04/06/20,04/07/20,04/08/20,04/09/20,04/13/20,04/14/20,04/15/20,04/16/20,04/17/20,04/20/20,04/21/20,04/22/20,04/23/20,04/24/20,04/27/20,04/28/20,04/29/20,04/30/20,05/01/20,05/04/20,05/05/20,05/06/20,05/07/20,05/08/20,05/11/20,05/12/20,05/13/20,05/14/20,05/15/20,05/18/20,05/19/20,05/20/20,05/21/20,05/22/20,05/26/20,05/27/20,05/28/20,05/29/20,06/01/20,06/02/20,06/03/20,06/04/20,06/05/20,06/08/20,06/09/20,06/10/20,06/11/20,06/12/20,06/15/20,06/16/20,06/17/20,06/18/20,06/19/20,06/22/20,06/23/20,06/24/20,06/25/20,06/26/20,06/29/20,06/30/20,07/01/20,07/02/20,07/06/20,07/07/20,07/08/20,07/09/20,07/10/20,07/13/20,07/14/20,07/15/20,07/16/20,07/17/20,07/20/20,07/21/20,07/22/20,07/23/20,07/24/20,07/27/20,07/28/20,07/29/20,07/30/20,07/31/20,08/03/20,08/04/20,08/05/20,08/06/20,08/07/20,08/10/20,08/11/20,08/12/20,08/13/20,08/14/20,08/17/20,08/18/20,08/19/20,08/20/20,08/21/20,08/24/20,08/25/20,08/26/20,08/27/20,08/28/20,08/31/20,09/01/20,09/02/20,09/03/20,09/04/20,09/08/20,09/09/20,09/10/20,09/11/20,09/14/20,09/15/20,09/16/20,09/17/20,09/18/20,09/21/20,09/22/20,09/23/20,09/24/20,09/25/20,09/28/20,09/29/20,09/30/20,10/01/20,10/02/20,10/05/20,10/06/20,10/07/20,10/08/20,10/09/20,10/13/20,10/14/20,10/15/20,10/16/20,10/19/20,10/20/20,10/21/20,10/22/20,10/23/20,10/26/20,10/27/20,10/28/20,10/29/20,10/30/20,11/02/20,11/03/20,11/04/20,11/05/20,11/06/20,11/09/20,11/10/20,11/12/20,11/13/20,11/16/20,11/17/20,11/18/20,11/19/20,11/20/20,11/23/20,11/24/20,11/25/20,11/27/20,11/30/20,12/01/20,12/02/20,12/03/20,12/04/20,12/07/20,12/08/20,12/09/20,12/10/20,12/11/20,12/14/20,12/15/20,12/16/20,12/17/20,12/18/20,12/21/20,12/22/20,12/23/20,12/24/20,12/28/20,12/29/20,12/30/20,12/31/20,01/04/21,01/05/21,01/06/21,01/07/21,01/08/21,01/11/21,01/12/21,01/13/21,01/14/21,01/15/21,01/19/21,01/20/21,01/21/21,01/22/21,01/25/21,01/26/21,01/27/21,01/28/21,01/29/21,02/01/21,02/02/21,02/03/21,02/04/21,02/05/21,02/08/21,02/09/21,02/10/21,02/11/21,02/12/21,02/16/21,02/17/21,02/18/21,02/19/21,02/22/21,02/23/21,02/24/21,02/25/21,02/26/21,03/01/21,03/02/21,03/03/21,03/04/21,03/05/21,03/08/21,03/09/21,03/10/21,03/11/21,03/12/21,03/15/21,03/16/21,03/17/21,03/18/21,03/19/21,03/22/21,03/23/21,03/24/21,03/25/21,03/26/21,03/29/21,03/30/21,03/31/21,04/01/21,04/02/21,04/05/21,04/06/21,04/07/21,04/08/21,04/09/21,04/12/21,04/13/21,04/14/21,04/15/21,04/16/21,04/19/21,04/20/21,04/21/21,04/22/21,04/23/21,04/26/21,04/27/21,04/28/21,04/29/21,04/30/21,05/03/21,05/04/21,05/05/21,05/06/21,05/07/21,05/10/21,05/11/21,05/12/21,05/13/21,05/14/21,05/17/21,05/18/21,05/19/21,05/20/21,05/21/21,05/24/21,05/25/21,05/26/21,05/27/21,05/28/21,06/01/21,06/02/21,06/03/21,06/04/21,06/07/21,06/08/21,06/09/21,06/10/21,06/11/21,06/14/21,06/15/21,06/16/21,06/17/21,06/18/21,06/21/21,06/22/21,06/23/21,06/24/21,06/25/21,06/28/21,06/29/21,06/30/21,07/01/21,07/02/21,07/06/21,07/07/21,07/08/21,07/09/21,07/12/21,07/13/21,07/14/21,07/15/21,07/16/21,07/19/21,07/20/21,07/21/21,07/22/21,07/23/21,07/26/21,07/27/21,07/28/21,07/29/21,07/30/21,08/02/21,08/03/21,08/04/21,08/05/21,08/06/21,08/09/21,08/10/21,08/11/21,08/12/21,08/13/21,08/16/21,08/17/21,08/18/21,08/19/21,08/20/21,08/23/21,08/24/21,08/25/21,08/26/21,08/27/21,08/30/21,08/31/21,09/01/21,09/02/21,09/03/21,09/07/21,09/08/21,09/09/21,09/10/21,09/13/21,09/14/21,09/15/21,09/16/21,09/17/21,09/20/21,09/21/21,09/22/21,09/23/21,09/24/21,09/27/21,09/28/21,09/29/21,09/30/21,10/01/21,10/04/21,10/05/21,10/06/21,10/07/21,10/08/21,10/12/21,10/13/21,10/14/21,10/15/21,10/18/21,10/19/21,10/20/21,10/21/21,10/22/21,10/25/21,10/26/21,10/27/21,10/28/21,10/29/21,11/01/21,11/02/21,11/03/21,11/04/21,11/05/21,11/08/21,11/09/21,11/10/21,11/12/21,11/15/21,11/16/21,11/17/21,11/18/21,11/19/21,11/22/21,11/23/21,11/24/21,11/26/21,11/29/21,11/30/21,12/01/21,12/02/21,12/03/21,12/06/21,12/07/21,12/08/21,12/09/21,12/10/21,12/13/21,12/14/21,12/15/21,12/16/21,12/17/21,12/20/21,12/21/21,12/22/21,12/23/21,12/27/21,12/28/21,12/29/21,12/30/21,12/31/21,01/03/22,01/04/22,01/05/22,01/06/22,01/07/22,01/10/22,01/11/22,01/12/22,01/13/22,01/14/22,01/18/22,01/19/22,01/20/22,01/21/22,01/24/22,01/25/22,01/26/22,01/27/22,01/28/22,01/31/22,02/01/22,02/02/22,02/03/22,02/04/22,02/07/22,02/08/22,02/09/22,02/10/22,02/11/22,02/14/22,02/15/22,02/16/22
US Corp Cash,,,106,106.5,105.1,104.1,102.7,102.7,102.6,102.2,101.1,99.2,98.96,99.07,100.78,102.5,106.49,105.08,105.68,107.15,109.28,108.06,106.05,103.39,102.98,105.36,106.43,105.97,105.05,105.05,105.21,106.46,106.24,108.3,110.8,115.3,117.8,118.1,124,127.6,129.1,133.2,129.5,135.7,135.9,156.5,168.1,187.1,214.6,217.5,246.3,256.4,286.9,324.6,350.4,357,345.1,313.9,300.6,292.4,280.8,271.3,278.5,281.5,264.8,255.6,242.6,231,203.4,190,183.5,189.1,189.7,187.4,191.9,197.7,196.5,194.6,195.9,197.2,197.4,194,195.3,198,199.3,197.1,201.5,204.1,205.5,208.8,204.5,203.6,203.2,205.3,195.9,193.2,185.6,184.3,182.9,178.6,176.9,174.4,173.3,170.9,158.6,160.1,156,146,144.1,148.7,149.8,160.2,158.6,154.8,145,147.3,148.5,147.4,147.5,147.7,151.3,152.1,153.2,153.2,149.8,146.7,143.4,140.8,142.5,142,142.5,142.4,141.9,141.2,,,,,,,,,130.8,131.7,131.2,132.1,125.2,129.6,129.4,126.7,124.6,124.5,123.8,124.2,125.2,,,,,,,,,,,,,,,,,,,,,,,,,,,,,,,136.5,135.1,134.7,134.8,132.5,134.8,132.1,131.6,129.1,127.9,126.5,125.4,125.3,125.9,125.5,125,124.7,124.4,124.6,122.9,123.8,123.1,125,126.2,126.6,127.2,125.4,121.7,118.2,117.6,112.9,113.5,116.7,115.3,113.1,112.9,111,110.1,110.7,109.6,107.6,107,107.1,105.2,103,102.2,100.8,100.9,101.5,102.8,105,103.3,105.8,105,103.5,102.3,100.5,100.3,100.3,101.5,100.8,98.5,97.1,95.3,95.1,95,97.4,98.7,98.6,96.2,95.2,95.9,95.3,94,92.8,94.65,93.61,93.53,94.16,94.89,95.58,95.05,96.77,96.45,,,,,,,,,,,,,,,,,,,,,,,,,,,,,,,,,,,,,,,,,,,,,,,,,,,,,,,,,,,,,,,,,,,,,,,,,,,,,,,,,,,,,,,,,,,,,,,,,,,,,,,,,,,,,,,,,,,,,,,,,,,,,,,,,,,,,,,,,,,,,,,,,,,,,,,,,,,,,,,,,,,,,,,,,,,,,,,,,,,,,,,,,,,,,,,,,,,,,,,,,,,,,,,,,,,,,,,,,,,,,,,,,,,,,,,,,,,,,,,,,,,,,,,,,,,,,,,,,,,,,,,,,
FICM IG,#N/A,#N/A,#N/A,#N/A,#N/A,#N/A,#N/A,#N/A,#N/A,#N/A,#N/A,#N/A,#N/A,#N/A,#N/A,#N/A,#N/A,#N/A,#N/A,#N/A,#N/A,#N/A,#N/A,#N/A,#N/A,#N/A,#N/A,#N/A,#N/A,#N/A,#N/A,#N/A,#N/A,#N/A,#N/A,#N/A,#N/A,#N/A,#N/A,#N/A,#N/A,#N/A,#N/A,#N/A,#N/A,#N/A,#N/A,#N/A,#N/A,#N/A,#N/A,#N/A,#N/A,#N/A,#N/A,#N/A,#N/A,#N/A,#N/A,#N/A,#N/A,#N/A,#N/A,#N/A,#N/A,#N/A,#N/A,#N/A,#N/A,#N/A,#N/A,#N/A,#N/A,#N/A,#N/A,#N/A,#N/A,#N/A,#N/A,#N/A,#N/A,#N/A,#N/A,#N/A,#N/A,#N/A,#N/A,#N/A,#N/A,#N/A,#N/A,#N/A,#N/A,#N/A,#N/A,#N/A,#N/A,#N/A,#N/A,#N/A,#N/A,#N/A,#N/A,#N/A,#N/A,#N/A,#N/A,#N/A,#N/A,#N/A,#N/A,#N/A,#N/A,#N/A,#N/A,#N/A,#N/A,#N/A,#N/A,#N/A,#N/A,#N/A,#N/A,#N/A,#N/A,#N/A,#N/A,#N/A,#N/A,#N/A,#N/A,#N/A,#N/A,#N/A,#N/A,#N/A,#N/A,#N/A,#N/A,#N/A,#N/A,#N/A,#N/A,#N/A,#N/A,#N/A,#N/A,#N/A,#N/A,#N/A,#N/A,#N/A,#N/A,#N/A,#N/A,#N/A,#N/A,#N/A,#N/A,#N/A,#N/A,#N/A,#N/A,#N/A,#N/A,#N/A,#N/A,#N/A,#N/A,#N/A,#N/A,#N/A,#N/A,#N/A,#N/A,#N/A,#N/A,#N/A,#N/A,#N/A,#N/A,#N/A,#N/A,#N/A,#N/A,#N/A,#N/A,#N/A,#N/A,#N/A,#N/A,#N/A,#N/A,#N/A,#N/A,#N/A,#N/A,#N/A,#N/A,#N/A,#N/A,#N/A,#N/A,#N/A,#N/A,#N/A,#N/A,#N/A,#N/A,#N/A,#N/A,#N/A,#N/A,#N/A,#N/A,#N/A,#N/A,#N/A,#N/A,#N/A,#N/A,#N/A,#N/A,#N/A,#N/A,#N/A,#N/A,#N/A,#N/A,#N/A,#N/A,#N/A,#N/A,#N/A,#N/A,#N/A,#N/A,#N/A,#N/A,#N/A,#N/A,#N/A,#N/A,#N/A,#N/A,#N/A,#N/A,#N/A,#N/A,#N/A,#N/A,97.4,98.7,98.6,96.2,95.2,95.9,95.3,94,92.8,94.65,93.61,93.53,94.16,94.89,95.58,95.05,96.77,96.45,95.97,95.29,94.3,92.53,90.59,90.05,88.25,89.39,89.38,88.79,88.2,85.3,86.83,85.86,86.19,88.4,90.4,91,92.4,92.1,89.59,91.1,90.9,91.89,96.68,101.17,104.13,103.54,100.35,101.18,101.57,101.52,100.29,100.87,97.62,97.68,99.14,98.8,98.07,95.83,94.89,93.4,89.65,88.44,88.44,88.39,88.57,88.69,89.35,89.9,89.83,91.45,91.5,91.69,93.95,95.65,96,94.85,94.35,92.95,93.12,92.4,91.86,91.38,91.12,90.88,91.4,91.37,91.03,92.2,93.06,94.54,94.57,95.85,93.09,93.61,93.78,94.28,92.61,91.89,91.74,92.67,91.87,91.64,90.67,90.13,90.2,90.95,92.06,92.27,92.36,92.45,92.4,91.01,90.97,90.97,88.23,89.03,91.44,91.26,91.37,89.91,89.35,89.35,88.36,87.75,87.6,87.47,85.71,89.92,89.94,91.28,89.08,89.89,88.79,89.83,91.98,92.54,97.05,95.39,92.08,91.43,91.58,90.87,91.71,90.09,88.12,89.55,90.54,91.8,91.49,91.33,91.89,93.45,94.14,94.34,93.18,93.48,93.93,94.02,94.23,95.07,95.03,94.84,93.8,92.23,92.13,91.44,91.5,91,91.07,91.2,91.36,91.73,90.78,89.75,88.64,88.49,88.6,89.19,90.18,86.77,89.1,88.73,86.75,91.88,87.9,84.14,86.18,86.61,84.05,86.51,89.1,91.46,90.45,92.64,92.77,89.43,88.47,87.62,90.17,87.41,89.19,90.01,90.74,84.45,85.9,85.48,83.7,88.53,85.89,86.89,86.22,91.3,82.08,81.64,107.92,106.67,115.05,108.2,113.71,112.22,107.63,110.64,114.2,114.34,112.86,110.49,112.93,113.24,120.7,113.65,120.9,112.97,119.12,115.3,116.64,117.55,116.51,113.88,118.5,118.29,113.73,119.05,119.9,117.11,114.9,114.5,113.63,113,112.52,112.8,111.89,112.95,113.07,111.3,111.4,112.1,112.92,114.1,116.61,115.9,115.25,116.25,117.5,119.59,120.83,122.48,122.84,120.6,124.21,126.3,126.43,124.81,124.4,125.83,126.96,127.8,126.9,125.62,125.68,130.29,131.06,131.26,134.14
CDX 5yr IG,44.3,45.9,46.3,46.8,45.3,44,44.3,44.3,44.8,44.9,44.1,44.2,45.9,45.2,46.2,47.2,49.5,46.8,48.2,47.7,50.3,50.3,47.3,45,45.5,46.3,45.4,45,44,43.97,44.4,44.8,44.8,45.5,46.7,53.3,55.7,57.9,65.4,67.8,65.1,72.03,66.4,74.2,84,114.5,108,119.7,141.8,110.9,126.7,125.7,144.1,144.4,154.3,124.2,111.2,105.6,98.1,113.9,109.4,116.8,127.8,125.2,128.8,120.5,115.7,106.7,84.5,84.3,83.7,88.7,91.1,87.8,94.2,99.1,95.5,95.5,94.8,93.8,94.6,87.4,87.6,90.9,91.3,92.9,93.6,92.7,91.8,92.9,94.3,97.7,96.2,97.2,91.2,90.5,84.8,86.5,87.5,83.7,79.4,79,78,79.3,76.5,73.5,72.9,66.1,67.6,73.6,75.3,82.1,79.8,70.7,69.8,72.3,75,79.4,76.5,75.6,79.1,78.9,81.5,79.5,76.4,75.4,74.7,72,74.9,72.9,75.4,74.3,75.3,74.7,72.6,73.1,71.8,70.5,70.5,69.6,69.9,70.7,70.6,72.2,70,70.3,69.9,68.1,66.7,65.3,64.8,65.2,66.2,67.1,65.4,67.5,68.1,66.9,66.4,68,68,67.9,66.5,66.3,67,67.8,66.8,65.5,62.3,62.3,66.2,67,69.5,66.2,69.1,70.2,69.2,68,68.1,70.1,71.7,52.7,53.2,58.2,58.7,59.6,57.6,60.3,59.7,59,60.3,56.9,59.1,56.5,55.3,53.9,55.5,56.5,57.5,57.3,58.8,58.3,57.4,58,56.9,58.7,59.9,63.8,66,66.2,63.8,60.7,57.4,54,54,52.2,52.9,55.3,55.2,52.8,53.4,55.3,54.2,57.2,55.2,52.5,52.9,51.9,50.1,50.6,51,50.3,50.4,51.8,51.7,52.6,53.6,54.5,54.8,53.3,53.6,54.2,53.2,55.5,56,54.2,54.7,52.1,52.1,51.4,49.8,52.4,51.7,51.6,50.1,49.6,51.17,51.54,49.8,50.07,51.98,50.53,50.75,51.09,51.9,52.4,52.6,55.69,55.4,56.3,54.9,52.7,52.85,51.3,50.8,50.2,51.37,50.28,50.44,50.42,50.5,50.27,50.9,51.6,53.8,52.8,53.49,52.13,55.87,52.71,53.3,54.59,57.05,54.56,56.42,55.72,53.56,53.23,52.92,52.3,52.5,51.46,53.04,52.7,58.09,58.71,58.74,57.92,57.29,56.7,56.75,54.51,51.43,51.41,52.08,52.11,52.57,51.4,51.73,51.43,51.74,51.33,50.46,51.19,51.54,52.94,52.28,52.83,52.05,51.63,52.04,51.31,50.88,50.94,50.67,51.14,51.51,51.96,50.8,52.35,52.79,54.1,52.76,51.13,51.97,52.72,53.43,52.74,52.96,51.51,52.52,52.07,51.48,51.11,50.25,50.5,51.42,50.63,50.86,50.88,50.7,49.04,48.77,49.13,49.15,49.77,50.14,51.38,50,49.53,49.24,48.18,47.68,48.3,48.2,47.86,48,47.11,47.97,48.37,49.16,48.49,48.25,48.8,48.97,49.81,51.22,52.77,50.94,49.36,49.3,48.9,49.11,49.81,49.42,49.38,50.3,50.28,50.21,50.94,50.07,49.49,49.89,50.52,50.09,49.5,48.77,49.24,50.16,51.16,50.65,49.84,49.01,48.91,48.24,48.92,47.02,46.59,46.65,46.26,46.8,47.07,47.68,47.15,47.35,47.73,47.18,47.1,46.39,46.55,46.99,54.16,53.35,51.9,51.25,51.13,51.44,52.47,52.64,53.78,52.58,53.8,54,54.26,53.74,54.44,55.3,54.35,52.35,52.68,52.6,51.66,51.66,51.9,52.54,51.79,51.18,51.74,51.71,52.52,52.7,52.15,51.31,50.46,49.84,49.67,50.63,51.64,50.98,50.95,51.12,51.17,51.53,52.2,52.84,53.21,53.5,58.1,55.32,57.87,59.13,57.84,58.75,56.28,53.85,53.82,55.21,53.85,53.75,54.21,52.58,52.66,52.85,53.79,51.96,51.31,50.06,49.29,49.7,49.82,50.03,49.87,49.68,49.73,51.98,51.73,52.8,52.73,51.89,51.7,53.33,53.87,55.43,56.21,57.79,58.74,58.15,59.44,60.71,62.73,61.33,60.34,58.66,60.31,62.72,64.06,63.79,63.31,61.74,65.89,68.26,67.81,66.27,65.53
CDX 5yr HY,274,280.1,279.9,283.3,280.1,275.8,278,277.6,280.3,281,278.8,278,283.7,283.6,288.9,294.6,308.8,295.8,301.4,296.6,304,304.9,293,282.5,283.9,289.1,286.7,282.9,279.44,280.34,283.2,287,286,287.8,294.1,325.3,337.2,342.5,369.5,363.3,362.6,384.1,365.4,403.5,436.5,543.4,528.3,581.1,675.3,549,661.4,639.6,715.9,774.3,838.8,860.9,707.4,644.6,559.6,612.5,611.5,646.7,728.4,734.8,764.8,691.6,677.4,608.5,524.6,543.1,552.5,595.9,594.8,580.7,638,663.5,651.6,651.6,669.3,657.9,653.6,621.8,620.1,645.9,657,651.3,674.6,639.6,628.2,638.1,637.9,669.7,669.3,679.1,635.8,641.8,604.3,613.3,622,577.9,557.2,548.6,537.3,513.3,478.7,459.6,458.6,407.8,422.3,456.9,445.7,499.8,481.4,457.1,459.5,465.2,477.9,496.1,495.9,491.4,513.2,499.6,523.4,532.6,513.1,507.6,500.9,485.2,508,476.4,501.1,495.1,503.7,503.1,,,,461.3,456.1,450.3,458.6,459.7,448.5,451.9,433.3,430.3,429.6,431,428.7,390.8,386.9,384.9,389.2,394.4,388,,,,,,,387.2,381,374.1,369.1,370.3,366.5,364.4,351.3,348.4,362.8,365.2,381,368.9,375.6,356.4,351.2,340.9,337.3,339.7,345.4,360.7,366,388.2,390.2,396.2,403.8,412.4,406.7,400.3,401.4,386.4,394.9,379.7,371.4,358.3,362.4,366.9,369.9,370.8,380,374.7,374,372.2,370.9,387.2,390.2,412.6,415.2,418.9,415.9,396.5,383.2,358.9,364.2,336.7,332.2,348.5,335.6,324.6,326.9,331.9,326.7,337.4,327,310.7,309.2,304.9,302.6,300.6,296.5,297.7,290.6,288.6,295.5,297,300.5,302.7,303,296.6,300.4,296.1,299.7,306.6,309.7,302.6,294,295.5,299.2,294.9,292.9,304.1,303.2,302.1,294,292.1,300.05,301.53,295.6,295.7,304.03,298.07,297.12,296.5,302.7,305.5,310.2,318.3,317.1,316.2,311.5,300.98,295.01,289.39,285.79,283.56,284.73,285.09,285.2,286.2,287.3,288,292.6,295.3,303.4,297.5,269.43,288.72,310.49,292.5,296.7,302.48,309.57,296.66,311.24,308.88,297.87,293.45,294.19,294.45,297.93,291.73,301.87,300.07,295.84,301.82,302.6,300.09,288.52,312.89,315.77,304.85,298.3,291.89,293.98,292.6,290.14,289.78,289.18,293.55,290.56,291.34,285.17,285.19,289.2,294.61,292.84,293.96,288.83,288.75,289.72,285.9,281.49,283.99,283.93,286.7,287.85,288.04,285.14,289.61,291.53,300.16,293.97,286.68,292.5,296.48,298.06,393.16,292.37,289.82,291.02,289.62,287.69,286.32,283.93,282.96,286.38,281.68,281.74,281.84,282.02,277.33,273.85,275.06,275.25,280.46,279.75,285.81,278.48,275.68,274.67,272.16,268.53,271.41,272.83,272.33,271.22,267.94,272.21,273.95,281.15,274.59,275.53,279.12,277.4,281.63,285.13,294.68,290.88,282.27,283.6,279.69,281.45,286.78,285.28,283.9,290.89,292.37,291.57,294.9,286.89,284.49,288.25,291.9,289.17,284,283.06,284.98,292.21,294,296.01,291.86,284.07,282.94,280.21,283.84,273.7,273.96,274.16,273.6,272.23,274.05,275.76,273.18,275.24,275.6,273.38,274.66,272.03,271.04,277.01,284.16,283.53,275.2,272.83,273.55,290.9,298.3,296.39,300.39,297.12,301.45,303.97,302.79,302.86,306.47,314.4,309.12,299.4,298.54,299.25,296.14,294.25,297.66,300.13,300.48,297.22,300.96,298.07,303.44,305.42,300.75,295.31,292.49,286.12,287.18,289.45,295.454,293.9,293.95,295.28,295.69,294.5,299.01,305.34,305.47,304.9,325.37,315.82,326.03,331.24,321.84,329,317.23,304.29,304.83,308.94,303.99,306.96,310.67,303.93,306.43,307.61,308.79,300.91,295.96,291.025,286.31,291.22,291.78,293.95,292.04,292.6,293.67,303.44,303,307.71,306.27,300.23,298.077,306.39,305.52,313.28,315.88,323.14,329.02,324.57,331.63,337.23,347.08,342,338.08,327.97,333.7,345.12,354.58,351.94,349.37,339.88,358.85,367.14,368.67,359.36,354
BBB.6  '12,502,503.5,500.9,503.1,502.4,502.7,505.1,504.5,506,508.3,510.4,513.3,522.3,525.4,530.5,542.8,562.72,556,553.33,552.84,562.54,562.52,552.96,562.75,562.97,567.52,567.61,569.02,571.72,574.99,579.02,584.66,582.11,586.48,597.37,611.85,624.12,626.53,646.07,659.36,661.59,687.3,674.3,710.2,739.6,909.8,882,916.5,988.3,946.5,1089,1112.5,1270.7,1464.6,1667.3,1948.2,1886.1,1802.7,1660.7,1575,1443.1,1393.7,1522.4,1755.5,1964.4,1906.8,1929.1,1904.4,1691.9,1741,1760.1,1965.6,2017.3,2083,2117,2117,2184.1,2172.2,2123.5,2113.3,2078.2,2049.4,2078.3,2149.8,2220.8,2222.4,2306.7,2367.3,2388.7,2426.3,2412.8,2445.4,2475.7,2464.6,2395.4,2377.1,2366.8,2369.3,2371.3,2324.5,2267,2199.7,2200.9,2212.7,2181,2069.5,2005.3,1721.3,1607,1649.3,1663.9,1840.3,1885.4,1926.6,1869.9,1875.7,1923.1,1932.5,1942.6,1943.2,2023.5,2066.7,2100.2,2140,2119.5,2139.7,2124.2,2107.5,2128.9,2131.2,2193.2,2210.2,2210.2,2209.1,2210.1,2250.9,2250.9,2300.8,2325,2324.6,2344.3,2347.7,2332.4,2332.8,2299.6,2290.6,,,,,,,2219.7,2213.5,2203.4,,,,,,,,,2286.8,2283.5,2293.4,2293.4,2307.6,2309.6,2324.2,2387,2387,2455.8,2438.8,2451.3,2455.7,,,,2468.7,2470.9,2512.8,2511,2524,2530.4,2540,2529.6,2532.8,2526.8,2520.1,2525.7,2508.7,2502.9,2479.8,2464.6,2445.6,2444.8,2441.3,2447.7,2445.8,2457.7,2458.4,2463.2,2464,2465.6,2488.6,2494.3,2524.6,2530.5,2541.4,2549,2538,2519.9,2512,2517.9,2318.2,2313.1,2349.1,2351.4,2328.3,2343.1,2350.4,2370,2356.8,2368.7,,2329.9,2326.8,2333.6,2325.1,2308.8,2285,2231.3,,,,2205.1,2222.8,2231.2,2226.9,2223.3,2220.5,2231.1,2265.9,2270.7,2279.4,2278.7,2280.4,2269.5,,2256.5,2282.4,2294.4,2318.2,2303.9,2303.8,2337.8,2347.5,2354.6,2332.1,2332.8,2328.9,2304.9,,,,2310.7,2329.4,2312.2,2295.8,2262.2,2248.6,2231.5,2185.8,2166.8,2162.6,2172.2,2186.4,2210.3,2216.4,2215.9,2227.4,2236.3,2235.2,2248.6,2256,2255.9,2278.1,2282.8,2279.6,2287,2290.8,2329.3,,,,,,,,,,,,,,2576.720676,2599.461764,2592.36297,2619.221729,2662.680428,2661.268611,2649.423558,2646.323524,2637.15934,2630.464607,2674.533414,2698.047329,2727.991631,2761.331265,2776.899186,2810.127436,2818.417382,2824.631658,2851.442628,2883.622557,2905.033572,2927.805386,2927.73754,2936.687641,2934.476334,2953.324666,2945.497365,2951.036783,2946.628488,2970.060055,2977.004997,2980.341732,2984.85184,2997.329071,3018.9591,3053.681522,3048.164189,3038.080169,3048.647157,3060.360786,3090.1054,3085.775892,3083.763034,3070.074215,3070.52631,3098.7981,3095.543555,3095.893228,3083.344401,3021.959513,2931.990909,2862.420146,2787.47872,2750.597145,2783.700536,2801.033938,2812.586897,2837.171527,2868.880987,2974.966018,3029.337536,3072.242912,3083.643685,3070.918149,3090.662023,3082.609233,3077.291301,3081.573394,3089.497737,3102.355874,3119.070131,3122.218919,3144.858561,3154.616752,3176.830085,3169.955029,3160.600612,3175.465939,3194.597931,3205.744676,3201.880074,3238.982817,3232.167513,3237.747665,3238.751722,3238.482818,3250.266052,3278.934451,3287.823406,3299.527261,,,,,3357.999811,3372.923946,3368.98806,3378.579579,3413.41255,3444.02888,3453.973717,3493.981845,3769.881158,3612.423026,3630.097092,3634.996038,3625.682147,3629.208117,3654.719366,3668.504982,3673.639889,3656.235852,3678.825429,3722.347205,3738.023237,3749.304092,3644.979198,3690.506124,3717.498092,3721.295969,3735.410069,3777.480268,3813.288982,3845.703938,3854.468338,3903.873786,3902.265313,3917.146538,3920.14031,3950.755254,3957.434201,3983.775339,4020.059868,4049.996253,4050.301658,4082.126081,4077.756203,4123.656239,4111.438926,4129.607825,4197.128882,4240.338938,4228.147686,4220.922703,4230.133062,4226.367093,4254.087779,4258.486337,4266.231014,4283.164275,4277.792257,4268.315897,4271.230789,4286.381287,4289.423334,4290.87856,4306.977202,4304.85442,4299.394472,4281.926188,4293.617151,4329.417124,4350.625818,4352.4181,4368.271436,4423.776601,4441.851153,4463.67022,4474.985317,4501.03879,4539.339784,4628.604095,4590.109657,4637.583039,4689.422031,4710.067797,4764.183374,4744.675093,4748.090902,4824.553542,4886.926237,4898.743277,4936.387333,4968.365991,5019.334208,5021.888081,5044.780919,5067.807935,5054.272301,5147.187708,5175.283802,5180.796783,5205.873023,5285.519048,5347.04539,5398.251733,5374.557134,5389.527938,5461.488857,5479.105603,5497.48588,5540.184873,5536.392675,5594.475514,5622.160413,5643.700563,5689.942372,5710.400709,5346.576476,5145.206292,5145.046448,5166.527913,5214.449911,5251.582445,5294.246112,5318.432451,5326.081042,5373.815169,5417.548194,5454.888635,5505.187116,5505.166067,5584.150906,5630.51767,5698.10028,5710.976289,5700.136861,5754.217326
BBB.7  '13,283.6,284.7,281.3,285.5,284.6,285.5,287,287.2,288.5,287.7,286.4,287.3,292,294,297.9,303.5,313.05,302.54,302.72,302.2,310.52,308.64,300.49,300.14,302.59,305.84,304.84,306.6,309.97,314.75,316.72,320.55,318.16,319.92,328.07,339.17,348.04,346.02,360.62,365.36,360.83,372.6,357.2,378.2,396.4,481.8,466.9,502.3,575.5,530.8,627,640.4,751.8,858.5,1004.3,1193.1,1182.7,1157.4,1085,1080.6,925.1,899.8,959,976.9,1046.8,1012.6,1032.1,1015.8,919.2,951,966,1067.5,1114.4,1188.7,1261.5,1261.5,1354.3,1367.2,1335.5,1314.4,1250,1176.3,1161.1,1202.7,1211.4,1209.7,1238.9,1308.3,1316.6,1335.6,1331.2,1360.3,1375.5,1409.5,1391.3,1398.1,1384.8,1392.4,1400.5,1368.9,1333.9,1278.7,1264.1,1265.4,1226.1,1141,1099.5,962.3,892.1,897.8,899.4,963.6,963.8,967.7,939.4,941,960.5,969.7,978.4,977.7,1005.2,1026.6,1054.5,1075.3,1073,1078.7,1069,1064,1071.1,1076.6,1096.6,1103.5,1103.5,1106.2,1091.9,1093.1,1093.1,1092.5,1098.9,1096.6,1108,1112,1107.1,1109.8,1105.2,1112.4,,,,,,,1123.5,1125.8,1123.9,,,,,,,,,1171.5,1167,1171.5,1171.9,1171.8,1179.6,1183.5,1206.6,1206.6,1241.1,1233.8,1241.7,1247.7,,,,1261.2,1278.1,1309.1,1309.5,1326.8,1333.3,1340.2,1333,1328.3,1322.6,1314.1,1317.4,1301,1298.6,1284.3,1273.9,1267,1264.7,1261.8,1270.5,1269.5,1274.9,1270.2,1269.6,1269.2,1269.1,1282.2,1284.9,1310.3,1313.1,1321.7,1325.3,1323,1312.8,1304.6,1309.4,1214,1176.6,1192.8,1191.8,1173.9,1175.1,1177.7,1188.5,1175.2,1170.2,,1164.9,1161.8,1163.5,1150.6,1143,1128.5,1097.6,,,,1082.6,1095,1100,1099.9,1106.7,1104.2,1108.6,1127.2,1132.1,1129.3,1129.5,1126.1,1130.7,,1133.5,1141.8,1147.3,1155.5,1148.2,1145.8,1162.5,1166.8,1167.6,1159.7,1164.3,1158.5,1148.8,,,,1165.7,1177.1,1177.5,1182.2,1185.2,1176.9,1169.1,1154.4,1149.9,1149,1148.9,1149.7,1148.1,1149.5,1149.6,1154.2,1154,1152,1161,1160.9,1160.8,1175.2,1175.1,1165.2,1166.5,1170.5,1183.8,,,,,,,,,,,,,,1209.880705,1215.475202,1211.331137,1214.975333,1220.225158,1212.473168,1211.951852,1209.917482,1208.581842,1203.739601,1208.574976,1211.048638,1214.551952,1219.721659,1221.31074,1226.232323,1225.637337,1225.525465,1236.117631,1244.983411,1245.823367,1250.520846,1245.749493,1246.866428,1248.466435,1250.495814,1248.72666,1251.352586,1250.334987,1257.78664,1261.98215,1264.552089,1263.376693,1268.65623,1275.189404,1281.65908,1278.508145,1277.864774,1281.130127,1283.831674,1290.911029,1289.371056,1290.375569,1288.173304,1289.199278,1290.211073,1289.060174,1289.061257,1285.222011,1282.504151,1259.739541,1241.598995,1187.876364,1166.045392,1165.17486,1163.960863,1164.893942,1171.433381,1174.053405,1188.634749,1194.359146,1199.350325,1198.869191,1195.001287,1197.977924,1194.195623,1192.488824,1194.744122,1196.81951,1197.16837,1198.706657,1199.847226,1204.088554,1206.60356,1215.540727,1210.295017,1208.700317,1212.685313,1214.385158,1218.727095,1218.092801,1227.246471,1223.577755,1220.014219,1218.928993,1214.814768,1222.250592,1230.257695,1229.034105,1226.10144,,,,,1243.266275,1241.687787,1241.23516,1242.98122,1237.194249,1237.68337,1235.963053,1238.850713,1265.335891,1263.041157,1267.823063,1265.51623,1258.407091,1260.199087,1263.216268,1271.108066,1263.977248,1259.05265,1258.439929,1259.064738,1260.283555,1262.667347,1266.961197,1271.337645,1270.135037,1271.384171,1270.909173,1274.589071,1276.51298,1282.096013,1294.527796,1313.160463,1310.737985,1303.516689,1305.558964,1307.035792,1311.619007,1316.73688,1320.134087,1323.36073,1322.856786,1338.618521,1340.600223,1351.179137,1348.200088,1350.98961,1363.563494,1368.685289,1361.318245,1359.576799,1361.920181,1367.571521,1373.741776,1379.01476,1377.593131,1384.442354,1395.763902,1399.454581,1409.018251,1424.641065,1431.65234,1433.325854,1436.637718,1437.570779,1436.992916,1440.474882,1447.587798,1455.679241,1461.020973,1458.140382,1459.814364,1472.225678,1475.120928,1482.207099,1481.992948,1491.140999,1499.058105,1522.242467,1515.359144,1538.878563,1552.056671,1557.070013,1577.547113,1570.883006,1560.119879,1568.077647,1579.119501,1575.397449,1577.190351,1590.412638,1594.07207,1592.505487,1595.805699,1600.802529,1592.589777,1601.035618,1603.038773,1598.241105,1601.978594,1613.511301,1614.066447,1616.733175,1614.575279,1618.228092,1627.953748,1633.176124,1631.319633,1643.962508,1636.376677,1642.624418,1648.425467,1649.826113,1656.359145,1660.092063,1614.441348,1612.733329,1614.662305,1603.713101,1614.000688,1620.369555,1629.524718,1625.731738,1620.336656,1614.093281,1617.557303,1624.550108,1621.467946,1618.829067,1623.044205,1635.259216,1640.210048,1643.199803,1638.921106,1639.983972
BBB.8  '14,346.5,348.9,346,349,347.5,346.2,347.2,347.1,347.6,345.9,344.6,345.6,349.6,350.7,353.5,356.9,365.13,356.1,357.43,357.8,367.24,368.68,361.93,357.2,358.28,361.89,361.14,359.3,359.58,364.13,366.72,370.36,368.69,371.99,376.4,387.68,395.73,397.15,411.86,416.14,410.67,420.8,405.8,427.4,445.1,518.2,504.1,539.8,611.3,557.1,640.2,647.4,754.2,833.5,934.2,1130.9,1133,1127.8,1060.7,1057.8,998,957.1,995.9,998.1,1063.1,1034,1102.1,1098.6,989.8,1025.3,1059.9,1132.7,1188,1274.1,1368.5,1368.5,1445,1459.9,1415.8,1377.9,1293,1213.8,1192.9,1232.8,1242.7,1245.5,1279.5,1317.6,1341.5,1362.7,1355.3,1382.7,1398.9,1411.7,1374.9,1362.1,1345.4,1339.3,1343.5,1316.1,1284.4,1254.2,1253.2,1253.7,1220,1136.5,1086.1,958.5,898,886.7,889.6,925.2,918.6,903.1,867.4,865.4,881.4,885.9,885,884.7,914.8,927.1,942.5,958.6,949.1,953.3,942.1,930.5,937,933.1,943.2,946.3,946.3,944.3,931.6,928.4,928.4,924.3,918.1,913.5,922.6,934.5,932.9,934.2,925.5,928.3,,,,,,,932.3,934,928.8,,,,,,,,,958.2,957.6,964,964.1,967.6,981.3,992.1,1020.3,1020.3,1058.8,1058.6,1067.1,1072.3,,,,1112.7,1125.2,1149.8,1155.9,1172.1,1176.9,1184.8,1178.3,1184,1181.2,1175.1,1176.1,1163.5,1162.1,1148.5,1138.6,1130.7,1129.7,1126.1,1132.2,1129.1,1134.5,1132.9,1131.9,1132.2,1129.8,1141.3,1141,1155.8,1156.5,1162.7,1162.5,1149.3,1134.2,1125.4,1126.1,1044.3,984.9,991.6,972.7,954,956.1,956.5,962.5,953,952,,936.1,931.6,929.8,901.3,882.7,859.8,804.9,,,,757.3,774.5,782.8,782.6,787.9,783.9,788.9,798,802.6,798.4,796.3,794,791.3,,787.1,796.5,791.2,793.1,781.7,780.4,791.9,792,793.9,787.8,796.5,792.8,786.3,,,,792.9,808.7,805.3,807,801.8,794,790.7,784.5,784.5,782.1,782.8,782.1,777.3,772.9,779.9,784,786,785,790.3,787.9,787.3,799.3,801,790.4,790.6,793.2,803.5,,,,,,,,,,,,,,821.1618412,821.89148,818.6335973,820.6089031,821.8770961,816.581037,809.5241898,808.4412344,806.1980305,805.417697,808.5187094,810.631245,815.9794958,818.9675977,819.4493798,818.9769044,816.4583685,816.3657824,819.787392,820.8250606,812.0259968,812.7670156,812.1028953,812.2348247,813.0516983,814.3124063,812.7352459,812.0160526,810.5740765,817.1683545,817.5709413,818.6164929,816.3856183,819.2223746,825.5701564,831.6119769,826.6499262,824.3470035,826.2394745,827.3653715,831.5266897,826.4615158,824.8758337,822.6945291,825.995781,825.9612851,824.8353493,824.156435,819.3445578,817.9876546,813.4510087,808.7129859,798.5362431,794.8225891,794.4257079,789.5205086,789.840267,789.9770219,793.8430582,799.5495241,804.4952733,809.5248037,808.9307612,804.0855899,802.4910122,796.266752,791.408505,790.3837713,790.3079834,784.2750193,782.3422354,779.4324909,780.0471625,781.7947369,786.6991035,781.9749811,783.7237739,785.6960896,785.9110626,787.6599347,787.257985,795.7639122,790.4985775,787.4189964,787.5588705,784.7949863,787.1519733,792.5629475,788.6532241,785.597356,,,,,784.811484,784.6546873,787.5656561,787.6314747,781.5398397,780.6606452,782.2853049,786.5308658,795.8476708,794.0004112,796.0013915,796.0552844,790.1943178,790.5743257,791.4467963,793.9361746,788.8492743,783.967511,783.5213276,782.7825443,781.9939589,783.5628632,780.4331353,780.1615071,780.9547052,780.5515565,776.6862623,773.9128087,773.505248,773.1407134,774.8606394,792.1567299,787.6840116,782.913724,779.041625,780.8684437,781.399968,788.3223554,786.3411151,788.3403527,786.3534686,795.1617353,796.3960199,802.2598833,801.1195791,803.334784,809.6648262,811.1907911,805.2667518,803.2681417,804.4082408,804.7250735,806.7951441,805.0885898,808.8359318,807.7139812,803.1192708,802.4171838,799.6413344,803.9392126,803.7254986,800.1003747,801.1413481,799.1366994,795.5977854,795.9382199,800.8196986,807.0643709,809.0771012,806.7354208,806.016168,807.4293659,806.4787722,809.8770823,810.0538319,816.1610614,820.5639363,844.9086439,833.2944988,848.5512614,849.8496395,853.8832622,858.6689006,856.9622501,846.3359476,848.1461339,851.6343985,848.7268297,850.84152,858.1970741,854.64165,853.8410622,858.1329822,860.9440138,853.4825981,851.0380022,849.8818999,850.5474588,854.6385729,861.1714452,861.249066,862.579443,856.8351318,855.4024868,860.4614678,862.2435633,865.4113225,871.4277502,863.6539274,862.0845404,865.7735844,868.9914919,877.0549226,878.7573927,866.9015526,865.2016413,873.7006982,876.7943383,880.8438223,889.358226,897.3529775,897.4493824,890.7272569,883.5518344,894.6297734,899.2246443,899.33743,898.6811389,895.5656454,906.9743184,913.8860938,918.1014871,908.264627,908.1273531
BBB.9  '15,306.6,308.2,304.1,309.1,307.7,305.9,306.9,306.6,306.7,303.3,301.1,301.4,305.1,305.1,305.5,309.2,317.16,304.76,305.69,306.5,316.12,317.34,310.46,306.98,308.56,311.64,310.51,308.24,306.1,308.85,310.86,314.46,311.32,313.72,317.3,329.36,337.21,337.56,357.12,362.74,359.7,371.2,357.7,380.1,397.8,469.7,455.2,492.1,553.8,513.3,590.1,596,696.9,766.2,839.2,1057.6,1062.4,1041.8,969.5,972.5,923.2,889.9,915.7,919.2,968.8,935.5,961.5,933.8,819.7,847.9,871.5,931.7,965.1,1031.2,1090.1,1090.1,1151.2,1169.5,1129.2,1094.1,1028.7,966.1,949.2,980.2,990,974.9,993.9,997.8,989.4,1000.2,994.4,1010.9,1027.7,1032,1008.6,999,991.5,982.4,979.9,959.8,936.8,918.6,913.7,908.7,890.2,850.9,824.5,727.5,695.3,697.3,692.7,725.9,719.3,702.1,671.4,666.8,679.7,686.6,685,685.1,714,725.1,740.5,757.2,747.6,750.8,741.1,731.7,740.7,737.6,755.5,759,759,755.2,746.6,747.8,747.8,742.2,742.6,744.6,758.3,769.5,765.7,771.6,762.7,768.2,,,,,,,774.3,775,772.5,,,,,,,,,793.1,791.3,793.4,792.5,791.8,800.1,808,824.6,824.6,855.8,859.5,865.8,870.1,,,,891,903.7,924.2,929.1,945.7,948.8,954.6,953.8,964.1,963.1,957.8,959.1,952.7,954.5,942.7,935.2,928.6,925.7,925.8,931.4,928.8,933.2,930.4,929.8,929.7,928.8,940.2,941.9,956.5,957.4,962.3,963.8,954.1,942.3,936.4,937.3,853.6,811.7,817.6,810.3,795.2,786.7,785.3,784,782.1,771.5,,755.7,753.9,750.8,739,724.7,708.1,662,,,,568.6,579.8,583.8,589.2,593.2,590,591.2,601,602.3,600.3,599.3,597.7,594,,587.2,593.4,587.2,583.2,574.9,573.6,585.7,585.2,586,580.6,587.7,583.6,579.9,,,,584.4,593.9,590.7,594.8,592.1,590.5,592.1,590.9,590,587.9,589.1,586.6,583.9,580.4,580.2,579.8,579.6,577.5,580.2,578.2,575.3,580.7,580.5,570.3,571.1,573,579.6,,,,,,,,,,,,,,584.4227547,585.9125819,582.6713338,583.5134969,584.1276783,581.3660439,579.4900665,577.0208323,576.1977361,574.9297297,574.6410173,572.579252,572.8853524,572.8432729,572.8103768,571.1875176,568.0867515,567.2973865,567.8122143,567.6272859,564.4500789,562.6921227,561.7766354,562.0324717,562.5164583,561.5722557,559.4297395,560.6741426,557.9449488,561.0544759,561.7403308,562.0906601,560.5822924,562.5412003,565.1733478,567.5770838,562.9794049,559.1879532,561.5271828,562.1074682,563.9040952,559.7586161,558.6931835,555.8493334,557.8599247,558.7526701,558.8898489,558.2593295,553.9850052,552.2692293,543.5519687,538.8425984,520.2535205,511.6723346,508.72752,504.7091682,504.233275,504.9802841,505.4583631,507.472662,509.8022462,512.4386319,511.8057604,510.3082566,509.4881453,505.0618739,504.1242068,504.8541209,504.3669213,505.2740631,504.5515565,503.9202503,505.1613964,505.9554354,511.018713,507.9704524,507.9709814,508.9660291,508.9130972,511.4216813,511.239241,521.7175016,517.9876534,513.862913,513.8168656,512.2054577,513.328486,517.9501024,517.6049941,516.3535825,,,,,527.3642041,526.5371858,527.3883792,526.7353183,524.3834751,520.4601324,520.0759967,522.1396077,527.8947015,527.2127605,531.9432195,530.0918051,525.3904712,523.2201244,521.3973891,523.9058303,520.9126158,519.0802063,517.1520762,515.5720204,513.9773102,514.3873029,513.7987721,512.8505572,512.3977912,512.2216468,511.2710366,511.9754241,510.0420359,510.4807837,512.449851,522.4841143,520.8012677,516.2926024,513.620084,511.9028755,510.6501006,514.9106365,514.1515669,515.9901304,515.5395071,521.1148123,520.5268668,525.1205253,526.1845136,528.5013076,535.6669845,538.3115481,534.149433,532.8128232,532.8763164,533.205217,533.0094719,534.6071078,535.3270672,536.1180692,536.4913183,539.5494799,539.1235286,542.3589182,545.0008971,544.6176068,545.4926694,543.287045,541.1346831,540.9255395,544.6290303,549.2272601,550.9794527,549.6998267,549.6476466,554.1592444,553.9055883,556.8073527,557.3677671,559.4766802,560.6429848,578.1345739,569.8495231,580.657659,584.7665617,582.7610295,588.5587377,583.9126338,573.656257,571.6151288,573.3509574,571.3816918,572.5997191,577.3084246,577.0324031,581.8917029,585.3454787,590.0803151,586.4213556,582.2153644,581.7821603,578.1479871,580.4378145,583.4029017,583.9328728,584.3543313,585.3376753,586.123291,592.7143803,593.8435635,597.224879,599.116937,594.3490427,592.308604,595.4069919,597.4832603,604.4988854,605.8910667,606.9723151,615.0449472,622.2394334,624.9477301,627.8457242,632.8978193,639.3947908,637.8589375,634.4757993,626.4853933,631.5687736,633.725611,632.3590491,629.6259637,626.8671241,635.5291076,642.7622663,644.8888573,637.1380488,635.6705315
BBB.10 '16,299.6,301.9,296.9,301.7,301.6,300.1,300.9,300.8,301,298.7,297.11,297.2,300.3,300.2,300.4,302.9,310.76,298.04,299.07,299.11,309.83,309.04,300.9,296.53,299.01,302.88,301.66,300.08,298.03,302.33,304.82,308.25,305.95,309.52,314.12,326.49,334.28,335.63,355.82,362.34,357.99,369.7,355.1,379.8,400.2,471.4,456,490.5,554.9,513.9,588.7,596,707.1,776.7,842.9,1059.8,1029.6,993.8,924.8,927,887,865.1,891.4,899.9,929.4,889.5,921.4,892.2,781.4,813.4,826.4,865.7,888.4,935.5,974.3,974.3,1018.8,1039.1,1013.9,989.7,944.7,907.5,896.5,926.1,929.6,915.5,936.1,937.8,927.5,941.5,926.4,946.6,965.6,969.2,950.9,940.5,942.7,934.3,933.8,914,893.1,870.8,870.8,872.4,857.3,811,788.2,689.7,655.7,661.2,654.9,686.5,679.6,666.1,631.6,623.1,637.6,644.6,644.2,639.7,666.7,678.9,697.4,709.1,695,695.1,680.9,659.4,662,650.8,654.7,656.1,656.1,648.7,635.7,625.9,625.9,618.1,610.4,606.5,617,623.8,620,622.8,619,624.3,,,,,,,628.2,628.7,626.2,,,,,,,,,657.5,658.1,661.2,660.6,659.4,675.3,682,706.3,706.3,744.3,737.3,741.3,748.6,,,,766.8,775,793.7,796.3,810.1,812.1,816.9,811.9,819.4,817.7,812.8,812.9,799.9,802,782.5,769.7,760.2,758.5,756.8,761.3,757.9,762.3,756.1,755.4,754.3,754.2,766.1,768.3,783.3,782.4,788.2,786.8,776.7,764.5,759.7,762.5,695.4,654.7,661,655.5,643.5,642.8,644.4,655.9,643.3,649.6,,635.4,632.4,632.7,626.6,618.4,604.6,578.4,,,,532.9,545.1,550.8,554.7,558.7,557.1,558.5,567.4,567.6,563.5,561.3,556.8,555.6,,551.8,559.4,556.3,554.7,546,543.4,559.1,556.7,556.4,549.7,554.1,548.8,544.3,,,,547.5,556.1,552.6,552.3,546.8,543.3,544,539.3,538.1,537.1,538.3,534.8,533.6,533.4,533.7,535.1,538.2,536.9,540.7,539.8,538,547.2,549.1,542.8,543.4,546.8,555.2,,,,,,,,,,,,,,568.8692231,570.7923946,569.6821521,569.992367,570.9745652,568.2007112,564.8113066,563.13912,562.3654005,560.7536731,561.0128343,559.2461887,559.4110722,560.790802,561.2485142,559.0205463,554.3301296,552.8541125,554.241223,553.8261274,549.9028683,548.6395542,547.4034623,547.6466756,547.8428949,546.5973676,544.9705463,546.7106562,544.854454,551.1109211,551.854128,552.7890866,552.1928283,554.4637836,556.4473717,561.0096851,556.0858425,552.5644162,556.1477962,556.2757435,558.2128409,555.0039352,552.8619397,550.9426343,548.6433247,547.427042,546.1457514,545.4092004,539.7104842,536.5338841,525.746874,520.2582361,502.1441032,492.2790543,490.6576147,486.3592184,485.9157175,493.1248442,494.6985682,497.9322805,498.6764117,501.5193123,499.8112626,497.6515721,496.6700194,493.4815799,492.9341553,492.6485336,491.9724106,492.6856171,491.3765445,490.6389295,491.1275315,492.3576551,496.2897516,493.2319527,493.2943851,494.1191535,493.4022106,496.328428,496.5882928,505.7363015,502.0164069,498.5402726,497.6545502,494.1934213,495.9359654,502.5416196,500.3379112,498.3615996,,,,,508.4724364,507.3857575,509.5593012,508.5759591,506.0193749,499.6823715,499.1479109,501.4799509,510.3895438,511.2147592,514.184191,511.9152463,507.3293928,505.0354065,502.3506777,504.6869692,501.7480594,499.9448485,498.7705034,495.0811636,494.2220688,493.8355464,491.685522,491.1448182,490.5025055,490.3187575,489.5652427,489.8796995,487.0424642,487.8655707,489.5261277,502.0579286,499.8819855,494.7152841,491.5899996,490.9845392,490.9148278,496.8285788,497.3715826,499.5510396,499.6296658,504.3620728,504.0012889,507.282492,505.9852595,507.9296918,514.7846463,514.9769514,510.1005385,507.0188921,506.4159642,505.2536237,505.1351871,506.8985788,508.5344491,509.1507578,506.4666196,507.4684706,507.0379346,509.4283962,512.028861,509.9872802,508.6271968,505.6106796,501.8055583,501.8094141,503.8931886,508.2272147,509.2727613,508.7241993,508.6918727,510.7810331,508.766797,511.5589524,511.7424695,514.2844599,515.6781768,534.2941129,527.558652,539.5885043,540.7847369,539.3532915,545.6117518,541.7346004,529.9574389,528.0392276,530.4634727,526.0444677,527.3490058,528.9962761,523.1412693,522.1872769,523.5733761,528.3259062,523.3271652,519.575573,517.1665045,513.7694604,514.5870049,516.6395554,516.5584914,516.0667972,515.826249,514.4851124,518.8304974,520.0058698,523.9796848,525.7457931,521.4070239,519.3587339,521.5152077,522.8252268,527.357816,527.9138346,528.9372068,531.9059109,538.5458808,543.2455743,546.251715,550.8648245,558.306948,558.2965837,555.5432494,552.1992986,566.2459621,570.936621,571.8543701,569.6071614,566.2740335,575.6038805,583.2704753,584.6354514,577.196339,575.1861774
BBB.11 '17,317.4,319.8,314.2,317.8,315.8,313.1,313,312.8,313.2,310.6,307.5,307.2,310.9,310.4,310,312.4,320.37,306.45,306.82,307.38,316.9,316.64,308.43,302.82,303.96,306.68,305.47,303.13,301.59,306.48,309.33,312.51,310.08,312.12,315.56,328.83,336.79,336.76,356.77,363.12,358.94,370.9,356.5,381.2,402,479.7,468.8,502.8,570.2,518.5,597.3,604.3,712.4,792,859.7,1119.4,1102.3,1080.3,1001.2,982.8,919.1,891.2,924.7,929.3,972.7,937.6,969.9,936.5,820.6,845.6,855.4,899,922.9,961.8,999.4,999.4,1037.4,1049.6,1014.7,983.2,936.8,900.2,892.5,916.7,920,903.1,919.5,916.9,901.1,910.6,901.3,920.2,929.7,926.7,899.6,896.1,896.5,883.9,882.7,862.3,835.6,818.4,815.8,816.3,808.7,773.7,759.4,688.8,655.6,656.2,644.6,677.4,667.6,647.5,607,593.9,609.8,616.4,616.4,612.4,635.6,645.3,654.3,669.6,657.1,654.3,636,620.5,624.7,620.7,626.1,627,627,620.5,605,597.3,597.3,589.4,581.1,574.4,583.2,589.6,584,586.4,572.7,576.3,,,,,,,556.4,555.8,547.5,,,,,,,,,564.1,564.2,570.6,569,569.9,582.4,587.7,611.6,611.6,650.5,640.9,646.4,650.4,,,,662.8,670.7,691.9,694.9,706.4,708.9,715.4,708.1,715.3,713.7,705.9,706.6,694.2,695.7,677,661.5,649.3,644.2,641.1,648.2,645.5,649.6,646.9,646.6,646.7,646.6,658.8,656.3,668.7,668.8,675.6,672.8,663,648.4,643.9,647.3,580.3,538.3,544.8,541.3,527.6,523.6,526.9,534.5,525.6,526.9,,509.4,505.3,503.4,498,491.5,477.9,456.6,,,,428.9,437.6,439.7,439.1,441.2,437.6,438.2,446.9,446.7,441.2,438.3,435,433.4, ,432.2,439.2,438,434.3,426,420.7,435.9,436.7,435.2,429.6,435.2,430.1,424.1,,,,423.4,432.8,427.5,423.4,412.9,405.8,404.5,402.6,401.4,399,400.3,399.6,398.4,398.8,398.8,399.5,400.8,399,402,401.8,399.2,408.1,409.2,401.2,402.1,407.4,417.4,,,,,,,,,,,,,,415.1185662,417.8496288,414.0122443,411.4581046,410.8194444,406.0754331,403.2276457,400.9588752,401.3191854,399.9975093,398.0995824,395.902798,395.6700238,394.4731466,394.002672,391.7597755,387.5923247,386.7811916,389.0781495,393.6981651,391.3347476,391.0044764,389.7510847,390.396694,393.9887528,392.5305484,390.6540719,393.1161991,393.4767556,399.2484961,400.2624865,401.1807198,400.6505389,401.3665724,403.2897117,406.4329195,402.6841402,400.5740525,403.9755745,404.7793663,408.2651315,405.0047756,403.446662,402.0081529,402.1873763,401.6482638,401.5029305,401.3997319,400.2789549,399.6985905,398.0089344,390.9942933,379.9054678,375.8549535,374.7843109,369.9421237,369.0028692,369.4498216,370.2781809,371.1008359,372.0677674,375.0679912,370.6046617,368.2289429,366.9575183,364.2791918,362.4616173,362.704288,362.3209304,363.3179946,361.468937,360.0327072,361.1402632,361.8774668,366.7272941,363.6997668,363.8105571,365.5349572,365.1153845,366.7579949,367.1258117,376.7644822,372.293992,368.4085341,368.7149904,366.822173,368.9313506,374.2512037,372.3828938,371.8505564,,,,,383.9491182,386.9563159,390.9344299,391.2128617,390.412538,387.1246589,387.20205,390.048896,401.2044637,400.5782716,401.4173451,400.2770737,396.8553974,395.5128472,393.7466887,396.5722737,392.9464748,391.115329,387.4260924,384.8439656,384.3263587,384.7397023,385.7883487,385.7735513,385.0112101,384.241686,384.7233335,385.7154341,385.978931,388.9471219,391.8079881,401.903369,398.7104265,392.5650725,385.2289894,383.4632287,381.5867125,385.3948208,383.9511311,384.9228468,383.1784908,390.378606,387.4820575,390.5936363,388.8760619,391.7607117,398.4400568,397.020913,391.5412429,390.3635477,390.9433715,389.4849009,388.5867378,390.193033,391.7859122,392.8224257,390.808889,391.5194885,390.5060698,392.5911586,393.4317488,391.4940572,390.5148732,387.5918015,383.3123602,382.6931318,385.459998,389.8816737,390.7069506,389.7841526,389.2788282,391.4314807,390.5828595,393.6268305,393.2921713,397.2276301,398.0098846,412.8695704,408.3305372,419.726699,421.9489055,419.2831701,425.7079401,421.0687891,410.1432473,404.6627027,405.1399447,401.6818269,401.6907884,405.5096388,400.1543378,399.5526714,402.332794,406.7269332,402.0150371,399.4810213,396.6407046,394.6526757,395.7061169,396.6791645,396.1516147,394.9021909,394.4916822,393.6935244,397.301087,398.3318767,401.8468605,403.8426338,400.8381268,398.1943212,400.3051776,401.3366858,406.9109365,406.681394,405.631284,411.7950149,416.1417814,417.6123592,421.4015489,429.054292,436.2611633,435.7905524,431.5486561,427.1925266,442.0398166,451.8504196,453.7370463,450.5242761,445.4247343,456.6981705,464.0112092,464.6630775,456.0412835,454.2663763
BBB.12 '18,327.8,330.8,324.8,327,324.4,320.8,321.2,321,321.8,319.7,317.2,317.1,320.6,319.6,317.6,319.7,327.68,313.98,313.68,312.18,32.12,322.72,314.1,308.84,310.56,313.4,312.47,311.55,309.22,313.94,317.3,320.86,318.88,321.96,327.2,341.54,350.92,351.44,373.8,379.37,375.65,388.5,373.9,402.6,425.1,506.2,490.7,523.8,592.1,533.6,613.1,627.3,738.9,817.1,877.6,1092.2,1096.7,1088.6,1008,997,929.3,897.9,927.7,929.4,975.3,945.6,975.6,944.3,827,853.3,866.7,912.9,935.6,977.5,1015.9,1015.9,1047.2,1058.6,1009.4,972.3,921.6,877.7,867.9,898.7,905.7,893.3,904.6,901.8,877.9,883.1,879.6,887.9,894.6,894.8,875.5,868,852.9,819,815.7,788.1,762.2,737.3,732.3,738.4,723.5,688.7,671.9,599.6,575.9,578,567.1,599.7,588.7,566,539.3,538.9,552.3,557.4,561,557.5,587.6,600.4,613.8,629.1,620,619.8,606.7,592.9,598.9,594,598.8,600.5,600.5,596.5,584.3,577.8,577.8,569,558.5,550.3,556.7,563.2,559.4,560.3,545.7,547.7,,,,,,,532.1,531.4,524.8,,,,,,,,,539.1,539.2,543,542,542.6,552.6,557.2,579.4,579.4,618.7,612.6,620.1,624.4,,,,639.8,645.8,667,674.1,688.5,690.1,694.8,688.2,694.7,692,686.1,686.9,674.2,673.4,655.3,639.9,628.6,625,622.3,627.1,622.7,626.9,620.6,619.1,618.5,617.3,631.1,631.8,645.2,643.8,649.3,645.9,634.2,620.3,614.3,615.9,547.8,510.4,516.2,511.7,498.9,495.8,498.3,508.1,497.4,499.9,,488.5,485.3,484.8,477.9,471.6,457.7,437.4,,,,418.5,425.7,427.6,426.9,429.1,425.7,426.9,436,437.6,430.2,426.5,422.9,423, ,422.8,430.7,428.6,427.4,421,418.8,441.7,446.1,444.5,435.2,439.6,433.9,427.3,,,,427.8,439,433,428,421,414,410.9,409.3,407.1,404.6,405.3,404.3,403.2,403.3,403.2,404.5,405.5,404.9,407.8,407.3,404.9,412.8,412.6,404.9,406.3,410,421.3,,,,,,,,,,,,,,416.2510114,417.1109156,413.2632447,415.1310584,414.2345419,408.564281,404.6375668,402.2127263,402.2468879,400.8569977,399.5840263,396.913603,396.8391973,394.5970249,394.1730488,393.435247,389.1153971,389.3305721,390.935511,393.2862038,391.2849477,389.9799953,388.8396582,389.1041886,393.3715311,391.7323161,390.6934625,392.5970005,392.5822661,398.137936,399.0408759,400.0557197,399.4017352,400.3767992,401.9550828,406.508921,402.4708211,400.0153794,404.1074251,405.0140193,408.5103491,405.237746,402.9394263,402.1489112,402.6377613,402.1110965,402.1551047,401.5644444,399.167905,397.8161075,395.9354608,389.779198,380.0517416,374.880466,373.5576399,369.00168,367.8039763,367.5487542,368.6478074,369.0461737,369.7962309,372.6477668,368.0930775,365.6252797,364.4672483,361.7112569,359.7392831,359.9625062,359.6068348,359.6562281,357.6543283,356.1982264,356.8425323,357.4743977,362.6561001,359.7580161,359.5413023,361.2558472,360.7176561,363.2043876,362.8436681,371.6669809,367.4389149,363.7771575,364.0793232,362.0324858,364.0956228,368.3610482,365.8222293,365.5128689,,,,,378.7004204,379.7068805,383.6419642,385.1020795,383.865877,381.592512,381.3243532,385.576142,396.0954647,395.0057577,396.4593762,395.4174133,391.4836287,388.8792614,386.9565748,389.856744,386.954238,384.7708115,382.8332936,379.9974322,379.4978701,379.1703169,380.4588022,380.1111714,379.9363146,379.2317228,380.3730443,381.4276151,381.2910196,383.7828915,386.5406191,397.1868019,393.5871643,387.5452333,380.6466081,378.408609,376.7373236,379.6375206,378.5275042,379.0328669,377.986897,385.1124425,382.6956314,386.1955655,384.2998695,387.2575851,394.3259051,392.3269379,387.4023208,385.6204554,385.6364901,383.2700063,382.6695145,384.1025791,385.5470998,386.6392444,384.6437249,385.8204508,384.7029644,387.2974762,388.3841217,386.1059682,384.6752166,382.2487034,378.3902715,378.1815438,381.0385455,385.6750183,386.0803656,384.8985141,384.6450703,387.2894778,386.6866702,390.1274795,389.8172346,392.6649344,393.1952494,410.5307699,404.1396923,417.1212963,419.0707712,417.9607584,424.6849351,418.9881533,407.5812901,402.5126154,402.9554165,399.6544594,399.1066662,403.5941418,396.7888288,396.791195,399.2420582,404.4505076,398.9435113,396.1465538,393.6016267,392.0266549,392.9677977,394.2259326,393.7827517,392.463483,391.9119917,391.0766598,394.1008025,395.0526211,398.5909889,400.5830658,397.900797,395.8865522,397.575529,399.4114627,405.0146214,404.6796535,404.0539936,409.3634984,414.3447168,415.6586964,420.9619995,427.3221406,435.0932592,434.446197,429.6797334,425.5899745,441.7664127,450.2220154,453.2006127,450.3069733,445.7654006,454.8876804,462.7879897,466.4042839,459.3433068,454.5856446
BBB.13 '19,,,,,,,,,,,,,,,,,347.64,339.56,339.67,339.73,350.56,350.68,342.92,338.57,339.85,343.34,342.27,340.87,338.56,342.17,344.39,348.69,346.7,350.01,354.7,368.74,377.93,379.55,401,403.4,400.13,409.9,394,423.1,442.8,516.1,506.6,541.7,607.5,556.9,639.4,650.4,758.3,850,911,1161.5,1155.4,1127.2,1048.5,1040.5,966.1,934.3,970.4,970.6,1007.2,973.7,991.5,965.3,849,871.6,882.7,934.6,966.6,1006.2,1043.8,1043.8,1088.5,1095.3,1043,995,948,890.4,877.9,902.6,903.1,891.7,902.1,897.4,884.8,884.1,873.1,880,882.1,882,856.2,846.3,827.7,801.2,792.7,766.4,742.1,721.6,718.2,718.7,702.1,671.1,659.9,591.7,567.5,572.4,562.9,598.2,587.8,568.2,535.6,535.5,548.5,555.9,552.4,549.5,581.1,586.3,598.7,611.6,603.5,602.1,587.6,570.5,575.2,570.5,576.9,577.3,577.3,573.9,562.4,552.1,552.1,544.7,537.3,531,536.7,541.7,537.5,538.5,524.7,526.1,,,,,,,505.6,506.2,500.6,,,,,,,,,505.2,504.1,505.7,502.4,499.8,504.7,507.5,521.8,521.8,545.6,537.9,543.9,546.6,,,,551.8,558.1,574.3,576,590.4,592.2,595.9,586.9,591,590.4,584.4,586.1,573.9,572.8,555.9,542.7,533.5,530.6,527.2,532.4,527.4,531.7,526.1,522.3,521.9,521,532.1,532,545.6,543.2,547.9,545.1,532.8,519.1,511.3,514.3,463.1,433.8,443.5,439,426.6,427.8,430.2,429.3,438.2,432.7,,423.3,420.2,418.5,412.4,407.6,397.2,380.8,,,,368.7,379.3,386.1,386.8,389.5,387.4,389.3,398.7,399.7,394.2,391.3,387,386.7, ,385.4,393.9,392.6,392,392.2,391.5,407.9,410.3,408.2,401.8,405.8,401.7,395.2,,,,397.7,407.8,405,406.5,400.6,396.8,394.7,394.2,394.4,392.5,394.7,394.1,393.1,392.8,393.2,393.8,397.4,396.6,399.2,397.9,396.4,406.3,406.4,399.2,400,404.5,415.3,,,,,,,,,,,,,,413.9071792,414.6606436,411.3793289,411.7441266,412,406,401.7916663,400.3422969,400.7215413,399.6137833,397.8,395.8709821,395.9123915,394.8300592,394.6106531,392.3941982,388.2268563,387.8998268,389.6583687,392.8067712,390.8355258,389.8227345,388.795149,389.6461945,392.8695455,390.9823289,389.4413044,390.7031666,390.3837828,395.6255601,396.4096341,397.4162411,396.8265143,399.1962926,401.0673978,405.1438858,401.2876973,399.2022525,402.2291598,403.965034,406.1871236,402.8421584,400.6008678,400.3496016,400.9205643,400.4003147,400.4438664,399.6301924,396.4096794,394.9350089,393.3962042,388.5429725,378.184368,373.2910015,371.9386472,367.2737628,366.0394545,365.9714975,365.9313826,366.4238252,366.9932648,369.4895365,365.8547336,362.4939735,361.4552367,357.6963969,354.023874,353.6344691,352.419405,352.0083004,350.2375831,349.1025415,350.097125,351.3580517,356.3553161,353.2001208,352.8830635,354.5388469,354.0708309,356.3694431,355.4364103,364.0958155,360.1741528,356.5036224,356.7979438,354.9842133,356.9518056,361.3011436,360.553334,360.1313566,,,,,374.1137903,374.4253501,378.9999475,379.5361346,377.8383394,374.4533686,374.3759869,379.4557601,390.0898428,389.1254991,390.4137583,389.3177549,386.1600939,385.2291503,382.938451,385.0715039,381.743208,379.9407439,377.7586693,375.2629154,374.6632351,374.5185571,375.8165028,375.6839296,375.0539934,374.7200212,375.4405188,376.357825,377.1228132,379.7941963,381.636619,392.1327376,388.292753,383.1117536,376.8405722,374.624123,373.0148399,375.5910316,374.6308429,374.9070976,373.0468108,379.7529336,376.8537211,380.4328947,378.6033115,381.3893619,388.4194264,387.730085,383.0543321,381.4638302,381.9876733,378.9674469,377.8005987,379.5304582,381.615154,382.5585958,380.3144059,381.8235596,380.6374306,383.0841711,384.0249305,382.1755601,380.2692319,377.5219747,373.1530031,372.6138138,375.3054021,379.5005087,379.9228462,379.0522978,379.9690149,382.4534222,381.5763702,384.9103606,384.4578773,387.502846,387.8293481,403.8604511,397.302498,410.3527409,411.8376724,410.1975753,416.4541768,411.0691194,398.9932869,394.5657588,391.5835331,386.7308616,386.0875532,390.1280251,385.3326404,385.6501744,388.7292361,393.268106,387.4866882,384.8893088,382.6540024,379.8495962,380.8264686,381.872623,381.3504351,380.8219839,378.2510506,377.2489144,381.6419529,382.3258913,385.9187037,386.8590476,383.6953681,380.4427873,381.8969652,382.6610224,386.9007439,386.9504015,385.5622931,392.7994905,395.9449259,396.6003135,400.200815,407.599548,415.8261607,415.0679469,411.0774716,406.8361109,423.4411559,433.5772684,436.0826215,432.6811969,429.234181,440.8124126,449.0682512,452.624562,446.1530392,443.0380661
